0X,0Y,1X,1Y,2X,2Y,3X,3Y,4X,4Y,5X,5Y,6X,6Y,7X,7Y,8X,8Y,9X,9Y,10X,10Y,11X,11Y,12X,12Y,13X,13Y,14X,14Y,15X,15Y,16X,16Y,17X,17Y,18X,18Y,19X,19Y,20X,20Y,OUTPUT
0,0,-41,-23,-69,-60,-56,-97,-26,-107,-64,-98,-80,-135,-76,-104,-69,-85,-37,-103,-49,-140,-48,-106,-42,-88,-9,-101,-18,-138,-22,-103,-17,-83,21,-93,9,-122,0,-102,0,-84,0
0,0,-41,-7,-77,-34,-78,-66,-48,-71,-66,-75,-81,-104,-77,-82,-70,-65,-43,-83,-56,-116,-53,-90,-45,-72,-16,-85,-27,-115,-28,-86,-23,-65,16,-82,4,-109,-4,-89,-4,-69,0
0,0,-41,-8,-78,-40,-77,-74,-46,-77,-63,-82,-77,-114,-72,-89,-65,-74,-40,-88,-51,-123,-48,-93,-42,-77,-15,-87,-24,-119,-26,-86,-20,-68,15,-82,4,-110,-5,-89,-4,-72,0
0,0,-41,-10,-77,-41,-70,-72,-35,-69,-59,-80,-73,-108,-68,-83,-60,-67,-36,-86,-48,-118,-45,-90,-37,-75,-10,-85,-21,-114,-23,-84,-17,-66,20,-79,6,-105,-2,-85,-1,-69,0
0,0,-41,-11,-75,-42,-73,-74,-40,-75,-60,-81,-76,-110,-72,-83,-61,-68,-37,-86,-53,-118,-48,-88,-38,-75,-11,-86,-26,-116,-26,-85,-17,-68,20,-81,4,-107,-4,-87,-1,-71,0
0,0,-43,-12,-77,-47,-71,-79,-40,-81,-57,-88,-75,-118,-73,-92,-64,-74,-34,-94,-50,-126,-47,-95,-38,-78,-7,-92,-23,-123,-23,-90,-14,-70,23,-85,4,-109,-4,-87,0,-70,0
0,0,-45,-13,-80,-48,-75,-82,-42,-87,-57,-95,-75,-123,-73,-94,-65,-78,-33,-100,-49,-132,-47,-98,-38,-84,-6,-97,-22,-126,-24,-89,-14,-71,25,-88,5,-116,-5,-92,0,-74,0
0,0,-43,-12,-77,-48,-73,-81,-48,-87,-57,-90,-74,-127,-76,-105,-67,-85,-33,-96,-46,-140,-49,-113,-41,-93,-6,-94,-20,-137,-27,-108,-20,-86,24,-86,8,-118,-4,-99,-3,-79,0
0,0,-42,-10,-81,-46,-73,-76,-40,-80,-57,-91,-77,-122,-72,-87,-62,-71,-32,-93,-50,-128,-46,-85,-33,-69,-7,-91,-24,-124,-24,-83,-11,-67,22,-83,3,-109,-5,-81,2,-66,0
0,0,-42,-8,-82,-38,-74,-66,-43,-68,-64,-88,-85,-117,-76,-85,-64,-70,-40,-92,-57,-121,-49,-83,-40,-75,-15,-90,-31,-117,-28,-80,-16,-72,13,-84,-6,-103,-8,-78,0,-70,0
0,0,-37,-3,-74,-33,-66,-60,-38,-65,-57,-76,-74,-109,-69,-81,-60,-63,-32,-78,-46,-113,-42,-78,-35,-63,-7,-76,-19,-107,-20,-75,-14,-61,19,-69,9,-93,3,-71,5,-60,0
0,0,-39,-11,-77,-46,-65,-74,-37,-76,-54,-86,-73,-119,-68,-88,-59,-71,-27,-89,-42,-121,-38,-85,-29,-72,0,-86,-14,-117,-15,-83,-6,-70,28,-76,14,-102,6,-80,8,-68,0
0,0,-40,-13,-76,-50,-65,-78,-35,-78,-57,-91,-74,-123,-67,-93,-58,-75,-31,-95,-46,-128,-43,-92,-35,-75,-5,-92,-16,-121,-18,-86,-11,-70,22,-82,11,-107,4,-84,8,-70,0
0,0,-41,-18,-77,-55,-65,-82,-33,-80,-56,-96,-73,-131,-65,-97,-56,-81,-30,-99,-43,-129,-39,-90,-31,-76,-4,-97,-15,-123,-15,-87,-9,-73,23,-88,13,-114,5,-94,6,-82,0
0,0,-40,-21,-73,-53,-68,-81,-40,-82,-56,-97,-70,-131,-64,-101,-56,-83,-31,-99,-42,-131,-38,-97,-32,-83,-6,-95,-15,-125,-17,-93,-12,-78,21,-85,11,-110,4,-91,4,-79,0
0,0,-41,-17,-75,-53,-61,-81,-30,-78,-55,-91,-65,-120,-59,-93,-53,-78,-29,-96,-39,-125,-36,-94,-31,-81,-3,-92,-12,-117,-14,-88,-11,-75,23,-82,14,-103,7,-85,7,-76,0
0,0,-37,-15,-67,-50,-53,-75,-25,-73,-50,-87,-62,-115,-54,-91,-47,-73,-25,-91,-32,-122,-29,-92,-25,-74,1,-88,-3,-115,-8,-84,-6,-67,28,-77,21,-97,14,-77,13,-65,0
0,0,-34,-7,-64,-40,-47,-64,-21,-63,-49,-73,-57,-101,-50,-79,-44,-64,-23,-78,-27,-106,-24,-80,-21,-64,3,-75,2,-100,-2,-72,-1,-56,29,-65,28,-84,20,-67,16,-55,0
0,0,-36,-16,-63,-49,-42,-68,-7,-70,-48,-89,-59,-114,-53,-80,-46,-64,-20,-89,-28,-117,-27,-77,-23,-65,8,-84,1,-107,-5,-72,-1,-60,35,-73,27,-87,16,-68,15,-61,0
0,0,-30,-13,-55,-47,-34,-65,-8,-64,-36,-80,-44,-105,-40,-79,-36,-64,-11,-81,-13,-106,-13,-76,-13,-63,13,-76,14,-101,8,-70,7,-57,37,-65,37,-84,28,-66,24,-55,0
0,0,-30,-14,-53,-46,-37,-68,-12,-69,-36,-82,-44,-108,-40,-82,-35,-67,-11,-83,-15,-108,-15,-77,-13,-64,13,-77,12,-101,6,-72,5,-58,38,-64,36,-84,26,-67,22,-56,0
0,0,-30,-18,-51,-49,-38,-71,-12,-68,-34,-83,-40,-111,-38,-87,-36,-70,-10,-83,-11,-111,-12,-85,-13,-69,13,-77,16,-102,9,-76,5,-59,38,-66,41,-88,30,-73,22,-59,0
0,0,-30,-20,-50,-53,-33,-77,-4,-73,-33,-81,-35,-103,-35,-87,-32,-73,-11,-82,-10,-106,-10,-91,-10,-75,10,-78,13,-101,9,-85,6,-68,33,-68,36,-88,30,-83,24,-75,0
0,0,-27,-18,-49,-49,-35,-71,-7,-65,-32,-78,-39,-102,-36,-79,-32,-65,-10,-78,-12,-105,-13,-81,-12,-67,11,-73,13,-97,7,-73,5,-57,33,-61,36,-80,28,-66,21,-54,0
0,0,-26,-16,-47,-48,-31,-74,-4,-71,-32,-73,-36,-97,-34,-79,-31,-65,-11,-75,-12,-100,-12,-80,-12,-65,9,-71,11,-95,7,-74,4,-57,31,-62,34,-81,29,-70,24,-59,0
0,0,-27,-13,-48,-47,-30,-70,-3,-61,-35,-72,-39,-92,-34,-70,-30,-57,-14,-75,-15,-96,-12,-71,-11,-59,7,-71,9,-92,7,-66,5,-54,27,-62,30,-76,24,-61,19,-52,0
0,0,-28,-14,-48,-46,-34,-70,-7,-64,-37,-69,-44,-93,-40,-75,-34,-61,-17,-72,-20,-97,-19,-75,-17,-61,3,-69,1,-93,-2,-70,-2,-55,24,-61,21,-79,13,-66,10,-55,0
0,0,-27,-15,-48,-44,-33,-68,-5,-64,-37,-67,-44,-90,-41,-69,-38,-56,-18,-70,-20,-94,-21,-72,-20,-59,2,-68,1,-90,-4,-67,-4,-53,23,-60,21,-78,13,-65,9,-53,0
0,0,-26,-12,-46,-38,-34,-62,-9,-66,-41,-62,-47,-85,-42,-65,-38,-52,-22,-67,-24,-90,-22,-68,-21,-55,-3,-65,-2,-86,-5,-63,-6,-51,16,-60,16,-75,12,-60,9,-50,0
0,0,-24,-19,-37,-46,-22,-70,0,-71,-27,-65,-31,-89,-31,-70,-30,-59,-10,-66,-10,-88,-11,-69,-12,-57,8,-62,9,-83,4,-63,2,-51,26,-54,27,-71,20,-59,16,-49,0
0,0,-22,-18,-35,-49,-16,-71,9,-60,-26,-66,-24,-87,-23,-68,-23,-58,-8,-66,-4,-88,-6,-68,-7,-58,10,-61,15,-83,10,-62,7,-51,27,-52,30,-68,23,-56,18,-48,0
0,0,-23,-19,-34,-47,-19,-70,5,-68,-21,-65,-25,-86,-26,-79,-24,-70,-4,-65,-5,-85,-8,-73,-8,-62,13,-61,16,-81,9,-67,6,-55,31,-53,33,-70,25,-62,20,-52,0
0,0,-25,-15,-40,-45,-24,-68,2,-65,-26,-65,-29,-88,-28,-72,-26,-61,-8,-65,-7,-89,-9,-71,-9,-60,10,-60,14,-83,7,-64,4,-51,29,-52,32,-69,24,-58,18,-48,0
0,0,-26,-16,-40,-45,-28,-67,-7,-67,-23,-64,-25,-86,-30,-93,-33,-93,-6,-65,-4,-89,-9,-84,-12,-71,12,-60,14,-85,6,-73,2,-57,31,-52,32,-72,22,-64,16,-51,0
0,0,-27,-19,-42,-50,-28,-74,-3,-73,-24,-65,-28,-85,-31,-92,-33,-92,-6,-66,-6,-91,-10,-90,-12,-80,11,-63,13,-90,5,-79,2,-63,30,-55,30,-77,21,-71,16,-59,0
0,0,-32,-22,-54,-57,-44,-79,-22,-79,-40,-81,-49,-113,-50,-94,-46,-79,-19,-83,-25,-119,-27,-98,-25,-80,1,-79,-3,-111,-10,-90,-9,-73,23,-69,16,-93,7,-80,5,-67,0
0,0,-33,-10,-56,-41,-49,-71,-26,-79,-38,-63,-46,-86,-49,-83,-47,-75,-18,-68,-26,-97,-30,-91,-30,-79,3,-67,-2,-97,-7,-81,-7,-63,26,-63,22,-88,15,-77,13,-60,0
0,0,-34,-10,-62,-41,-53,-68,-27,-69,-43,-69,-55,-96,-61,-89,-59,-76,-22,-74,-31,-108,-36,-94,-34,-77,1,-73,-6,-104,-12,-82,-11,-62,28,-67,20,-94,10,-78,8,-61,0
0,0,-37,-9,-69,-39,-71,-70,-45,-78,-53,-73,-69,-103,-69,-87,-60,-72,-30,-80,-43,-113,-45,-92,-39,-78,-4,-80,-17,-109,-21,-85,-16,-68,24,-75,11,-98,1,-80,1,-64,0
0,0,-35,-6,-69,-36,-73,-67,-44,-76,-54,-82,-74,-110,-72,-84,-61,-68,-30,-87,-50,-117,-48,-85,-37,-71,-3,-85,-22,-114,-24,-81,-16,-65,28,-79,8,-103,-1,-80,3,-64,0
0,0,-40,-11,-78,-43,-86,-74,-57,-84,-58,-93,-83,-122,-81,-91,-69,-75,-34,-99,-59,-128,-55,-89,-41,-74,-8,-98,-33,-129,-34,-91,-22,-71,21,-91,-6,-115,-14,-89,-7,-69,0
0,0,-42,-14,-80,-47,-85,-78,-56,-87,-58,-102,-83,-130,-79,-94,-67,-81,-35,-105,-60,-135,-54,-89,-39,-80,-9,-104,-35,-130,-33,-86,-18,-74,21,-97,-9,-121,-15,-91,-4,-76,0
0,0,-41,-8,-71,-38,-76,-61,-56,-69,-55,-96,-67,-126,-71,-102,-70,-81,-28,-99,-43,-128,-45,-91,-40,-70,0,-91,-15,-121,-20,-84,-13,-62,28,-77,14,-99,6,-75,10,-59,0
0,0,-41,-27,-68,-70,-65,-97,-38,-89,-28,-124,-52,-152,-59,-117,-51,-99,-5,-122,-38,-142,-40,-97,-23,-85,17,-113,-17,-132,-21,-91,-4,-79,40,-98,8,-116,-3,-90,9,-78,0
0,0,-42,-26,-72,-64,-69,-92,-41,-89,-32,-119,-56,-147,-59,-111,-48,-96,-8,-115,-33,-141,-36,-98,-22,-90,15,-106,-13,-126,-18,-87,-3,-80,38,-92,11,-112,2,-84,15,-75,0
0,0,-42,-26,-72,-63,-64,-92,-35,-89,-38,-108,-52,-142,-55,-115,-50,-98,-14,-105,-23,-138,-30,-104,-26,-89,10,-95,0,-123,-10,-91,-5,-78,36,-79,25,-105,14,-83,16,-71,0
0,0,-42,-26,-68,-66,-51,-94,-20,-86,-38,-106,-51,-142,-51,-108,-45,-91,-13,-104,-24,-134,-27,-98,-22,-85,11,-94,1,-118,-6,-84,0,-73,36,-79,26,-103,16,-85,19,-76,0
0,0,-38,-23,-65,-60,-52,-88,-21,-78,-33,-100,-40,-133,-42,-103,-38,-85,-10,-98,-14,-129,-19,-98,-16,-83,13,-88,8,-112,-1,-84,2,-70,37,-73,33,-99,23,-83,23,-70,0
0,0,-35,-23,-59,-60,-40,-86,-9,-74,-35,-93,-39,-126,-39,-97,-37,-81,-10,-92,-12,-122,-15,-91,-15,-77,14,-83,13,-108,5,-80,4,-67,38,-68,35,-88,25,-71,23,-61,0
0,0,-31,-22,-53,-58,-37,-81,-12,-77,-29,-92,-34,-123,-33,-100,-31,-83,-4,-89,-2,-121,-7,-96,-10,-80,19,-80,23,-104,12,-80,8,-66,42,-64,43,-84,32,-71,26,-61,0
0,0,-31,-14,-50,-51,-32,-74,-9,-68,-33,-74,-37,-99,-32,-82,-29,-67,-8,-77,-10,-105,-11,-82,-11,-64,16,-70,18,-99,11,-77,9,-61,38,-55,37,-73,27,-60,22,-53,0
0,0,-29,-32,-42,-72,-16,-91,13,-79,-20,-96,-22,-130,-21,-106,-20,-90,4,-93,4,-125,2,-97,1,-81,26,-85,28,-115,20,-89,17,-73,47,-71,48,-91,39,-78,34,-69,0
0,0,-23,-36,-31,-70,-16,-89,4,-87,-16,-94,-16,-127,-11,-106,-9,-89,5,-91,6,-128,8,-103,8,-82,25,-83,27,-117,24,-93,21,-73,46,-67,48,-92,42,-82,37,-71,0
0,0,-22,-27,-33,-62,-12,-82,15,-70,-12,-84,-9,-104,-10,-89,-10,-76,10,-80,17,-105,13,-88,9,-73,30,-71,40,-95,32,-77,25,-62,49,-55,59,-73,50,-65,41,-56,0
0,0,26,-34,32,-67,29,-91,16,-100,3,-80,3,-97,11,-98,19,-92,-11,-78,-13,-100,-5,-109,2,-109,-23,-71,-20,-95,-8,-98,0,-91,-34,-59,-29,-80,-15,-82,-4,-77,0
0,0,-31,-24,-49,-62,-25,-80,4,-75,-23,-87,-25,-117,-23,-94,-22,-77,1,-87,2,-120,-1,-94,-1,-75,23,-80,25,-109,16,-85,15,-69,43,-66,43,-86,33,-74,30,-65,0
0,0,-20,-26,-32,-56,-29,-79,-24,-94,-30,-66,-33,-84,-33,-100,-33,-116,-9,-65,-11,-86,-13,-106,-17,-120,9,-61,13,-82,10,-96,5,-104,26,-53,31,-74,28,-83,22,-87,0
0,0,-3,-28,-9,-55,-13,-75,-13,-89,-13,-62,-14,-82,-9,-97,-1,-107,-8,-60,-6,-85,-1,-103,5,-113,-3,-57,1,-82,8,-99,14,-106,1,-51,8,-74,15,-91,21,-103,0
0,0,-26,-22,-44,-60,-19,-80,10,-73,-24,-81,-26,-112,-25,-87,-23,-71,-1,-80,1,-112,-4,-84,-5,-69,21,-73,25,-103,15,-78,12,-63,42,-61,45,-83,34,-69,30,-59,0
0,0,-9,-29,-20,-58,-21,-80,-18,-93,-28,-64,-34,-79,-31,-93,-25,-105,-18,-63,-19,-81,-11,-94,-2,-102,-9,-59,-6,-79,4,-86,12,-85,-1,-50,4,-69,10,-74,13,-73,0
0,0,-28,-19,-43,-56,-17,-76,11,-72,-29,-74,-32,-102,-27,-78,-24,-63,-6,-75,-8,-104,-9,-77,-10,-62,16,-69,16,-98,8,-72,7,-58,36,-57,35,-74,25,-61,22,-52,0
0,0,-29,-21,-43,-57,-18,-77,9,-73,-27,-78,-29,-106,-26,-81,-24,-66,-5,-77,-6,-106,-9,-77,-9,-63,16,-71,15,-97,6,-70,6,-58,34,-59,33,-78,23,-63,21,-55,0
0,0,-24,-14,-37,-45,-18,-65,3,-62,-21,-66,-24,-89,-23,-72,-21,-59,-2,-65,2,-89,-2,-70,-4,-56,17,-58,24,-81,14,-59,10,-45,36,-46,41,-63,32,-51,26,-40,0
0,0,-26,-13,-40,-44,-23,-65,0,-64,-25,-67,-25,-89,-25,-69,-24,-57,-4,-67,0,-89,-5,-64,-7,-52,15,-59,22,-81,11,-56,6,-45,32,-48,37,-62,27,-48,21,-41,0
0,0,-31,-25,-50,-62,-33,-87,-3,-87,-32,-105,-32,-154,-32,-182,-30,-206,-8,-102,-14,-122,-20,-92,-20,-71,14,-92,9,-109,-1,-81,-4,-60,37,-76,31,-96,15,-83,4,-70,1
0,0,-31,-24,-48,-64,-32,-89,-2,-86,-35,-108,-35,-154,-34,-181,-34,-205,-11,-103,-15,-121,-19,-97,-21,-80,10,-92,5,-99,-3,-74,-6,-58,31,-74,23,-87,10,-76,2,-67,1
0,0,-31,-24,-50,-59,-39,-87,-14,-93,-29,-107,-31,-156,-32,-184,-30,-208,-4,-102,-13,-123,-20,-94,-20,-76,18,-92,9,-108,-2,-82,-4,-64,40,-77,33,-96,18,-81,10,-68,1
0,0,-31,-24,-53,-61,-42,-90,-14,-95,-31,-107,-31,-156,-33,-184,-33,-207,-6,-104,-18,-119,-22,-88,-20,-70,16,-95,4,-106,-4,-77,-4,-60,39,-81,26,-97,12,-80,6,-66,1
0,0,-30,-26,-52,-61,-42,-87,-16,-94,-23,-108,-27,-157,-29,-184,-30,-207,2,-104,-17,-114,-20,-81,-16,-62,24,-94,4,-100,-2,-72,-1,-53,44,-78,27,-91,12,-75,4,-60,1
0,0,-31,-27,-51,-63,-43,-90,-19,-98,-26,-109,-28,-158,-29,-186,-29,-211,1,-105,-15,-120,-20,-87,-17,-68,25,-95,4,-101,-4,-71,-2,-53,46,-80,24,-90,10,-70,5,-55,1
0,0,-33,-25,-54,-60,-47,-89,-23,-101,-28,-107,-30,-162,-30,-193,-30,-218,-1,-103,-17,-115,-20,-80,-18,-59,23,-93,5,-102,-2,-70,-3,-50,46,-78,31,-96,16,-79,7,-64,1
0,0,-36,-25,-61,-61,-60,-91,-35,-103,-28,-113,-32,-168,-34,-199,-35,-226,-2,-110,-26,-120,-29,-85,-24,-62,21,-100,-3,-107,-9,-75,-9,-53,43,-85,24,-101,8,-83,0,-66,1
0,0,-40,-29,-64,-65,-66,-96,-42,-107,-30,-114,-36,-170,-41,-201,-45,-227,-4,-110,-32,-123,-36,-90,-30,-68,18,-99,-12,-109,-18,-78,-14,-55,39,-83,11,-99,-5,-82,-10,-64,1
0,0,-37,-29,-61,-64,-63,-93,-44,-108,-23,-117,-28,-169,-33,-200,-36,-226,3,-113,-27,-130,-35,-96,-29,-74,26,-102,-8,-114,-15,-81,-11,-58,46,-87,16,-101,1,-80,0,-62,1
0,0,-40,-25,-69,-59,-77,-88,-64,-106,-35,-116,-41,-170,-47,-202,-51,-228,-10,-114,-44,-130,-51,-97,-45,-75,12,-105,-25,-110,-29,-79,-24,-58,31,-91,-1,-97,-13,-75,-13,-59,1
0,0,-41,-27,-69,-63,-74,-93,-56,-108,-32,-118,-37,-172,-42,-202,-47,-227,-6,-115,-39,-127,-45,-96,-40,-74,16,-105,-19,-109,-25,-79,-20,-58,35,-90,4,-96,-10,-75,-13,-59,1
0,0,-39,-24,-69,-60,-77,-90,-60,-108,-32,-115,-40,-170,-45,-200,-51,-226,-6,-113,-40,-129,-45,-94,-39,-71,16,-104,-21,-109,-24,-74,-17,-51,38,-91,4,-97,-8,-74,-8,-56,1
0,0,-38,-24,-66,-62,-72,-91,-57,-109,-33,-120,-34,-170,-37,-199,-41,-227,-5,-119,-23,-155,-41,-164,-53,-170,19,-109,-21,-115,-31,-80,-27,-53,39,-90,2,-98,-11,-76,-11,-56,1
0,0,-39,-26,-69,-65,-75,-95,-57,-113,-37,-121,-43,-170,-48,-199,-54,-225,-9,-119,-14,-162,-20,-188,-25,-208,15,-106,-15,-115,-27,-85,-28,-61,35,-86,4,-96,-13,-79,-19,-59,1
0,0,-39,-30,-69,-67,-73,-93,-47,-100,-31,-122,-35,-178,-40,-208,-43,-232,-3,-117,-37,-127,-44,-93,-38,-71,18,-104,-14,-111,-23,-81,-18,-60,37,-86,9,-95,-9,-76,-15,-61,1
0,0,-41,-29,-69,-68,-68,-94,-41,-97,-33,-120,-33,-176,-36,-207,-38,-233,-7,-114,-30,-132,-39,-103,-38,-80,15,-101,-7,-116,-18,-91,-22,-71,35,-82,15,-96,-7,-86,-22,-76,1
0,0,-34,-26,-60,-63,-56,-85,-30,-85,-20,-116,-24,-168,-27,-196,-30,-220,8,-111,-16,-122,-27,-93,-28,-72,31,-95,3,-93,-7,-70,-8,-54,50,-73,30,-79,10,-67,-1,-56,1
0,0,-34,-23,-63,-62,-57,-86,-28,-85,-25,-115,-28,-165,-31,-192,-31,-217,2,-111,-21,-125,-30,-93,-27,-71,24,-98,-1,-101,-10,-73,-8,-56,45,-78,26,-87,9,-70,2,-57,1
0,0,-34,-23,-60,-61,-49,-83,-18,-85,-20,-109,-22,-158,-24,-187,-25,-211,6,-105,-13,-111,-21,-82,-21,-63,27,-93,8,-95,-4,-69,-8,-52,49,-75,34,-85,14,-74,1,-65,1
0,0,-31,-18,-55,-55,-45,-77,-17,-78,-22,-108,-23,-154,-24,-182,-25,-205,5,-103,-8,-114,-17,-86,-21,-67,28,-91,11,-89,-1,-66,-6,-51,49,-71,35,-76,16,-61,4,-52,1
0,0,-33,-18,-55,-54,-40,-75,-10,-76,-22,-105,-20,-152,-18,-180,-17,-203,4,-100,-3,-110,-12,-82,-17,-62,27,-87,18,-93,4,-70,-3,-55,48,-68,35,-75,17,-62,5,-52,1
0,0,-35,-20,-57,-60,-44,-80,-13,-75,-22,-105,-19,-153,-18,-181,-15,-205,3,-99,-4,-112,-13,-83,-18,-63,24,-86,16,-93,2,-69,-7,-53,43,-67,32,-77,14,-67,1,-58,1
0,0,-32,-20,-47,-63,-24,-79,6,-72,-20,-105,-13,-150,-9,-177,-5,-200,5,-99,6,-109,-3,-81,-10,-63,26,-85,26,-91,12,-68,4,-55,44,-67,42,-78,26,-65,14,-57,1
0,0,-30,-25,-42,-65,-19,-83,10,-75,-14,-103,-10,-150,-6,-177,-1,-201,9,-94,10,-112,1,-85,-6,-67,28,-81,29,-94,15,-71,6,-56,47,-61,47,-78,32,-68,20,-61,1
0,0,-27,-28,-37,-65,-17,-87,11,-81,-19,-101,-16,-148,-10,-177,-4,-202,1,-97,2,-122,-3,-100,-8,-82,18,-86,19,-107,9,-84,4,-66,34,-70,34,-89,24,-79,18,-69,1
0,0,-25,-29,-31,-64,-10,-85,18,-81,-14,-103,-10,-148,-5,-175,3,-196,7,-97,11,-115,1,-87,-6,-67,25,-86,29,-101,16,-76,7,-59,41,-69,47,-85,36,-79,25,-72,1
0,0,-22,-30,-27,-64,-4,-83,23,-77,-10,-103,-5,-148,2,-174,9,-197,11,-95,15,-112,4,-85,-4,-68,29,-83,33,-96,19,-73,10,-59,43,-67,50,-82,38,-73,28,-67,1
0,0,-22,-27,-26,-61,-3,-81,23,-77,-10,-99,-2,-144,5,-168,12,-187,11,-91,17,-110,6,-84,-2,-68,29,-79,35,-94,22,-73,14,-60,43,-63,50,-77,38,-66,29,-58,1
0,0,-19,-27,-21,-63,2,-83,27,-75,-8,-95,2,-136,9,-160,15,-179,13,-87,19,-105,8,-82,1,-67,31,-75,37,-91,24,-70,16,-57,47,-60,52,-75,41,-65,31,-57,1
0,0,-17,-28,-21,-61,2,-78,31,-73,-4,-94,5,-133,10,-156,16,-175,18,-86,26,-98,15,-76,5,-64,36,-74,43,-82,29,-63,19,-53,50,-59,56,-68,43,-57,33,-51,1
0,0,-15,-23,-15,-54,7,-72,30,-73,-2,-92,6,-127,12,-147,18,-165,17,-81,25,-91,15,-68,6,-56,31,-69,39,-75,25,-55,16,-45,41,-54,47,-60,36,-49,28,-45,1
0,0,-16,-21,-20,-49,0,-66,21,-72,-6,-89,2,-125,8,-145,14,-162,14,-82,16,-94,7,-71,2,-58,30,-71,31,-79,20,-59,13,-48,43,-57,44,-65,32,-53,25,-45,1
0,0,-17,-20,-25,-48,-8,-66,15,-71,-13,-86,-9,-122,-5,-144,0,-162,6,-80,8,-93,1,-71,-3,-57,22,-70,24,-81,15,-61,10,-49,37,-57,39,-66,29,-54,22,-46,1
0,0,-17,-21,-23,-49,-7,-69,13,-78,-17,-83,-14,-119,-9,-138,-4,-155,1,-77,5,-91,-1,-66,-5,-54,18,-68,20,-80,11,-58,6,-47,32,-56,35,-68,25,-55,17,-46,1
0,0,-15,-24,-19,-49,-5,-65,14,-74,-11,-81,-8,-113,-2,-131,3,-146,6,-73,10,-87,4,-66,-2,-53,20,-62,23,-73,13,-55,7,-43,33,-48,35,-59,25,-49,16,-42,1
0,0,-17,-22,-22,-48,-7,-67,13,-73,-11,-79,-6,-112,0,-131,7,-146,7,-72,8,-85,1,-66,-3,-55,21,-63,21,-72,12,-54,8,-42,34,-52,36,-64,27,-52,22,-42,1
0,0,-19,-26,-27,-56,-9,-76,12,-81,-10,-89,-4,-127,0,-147,5,-164,9,-82,10,-98,2,-76,-3,-62,26,-71,24,-85,14,-65,9,-53,42,-57,40,-70,29,-59,22,-50,1
0,0,-20,-24,-25,-56,-5,-76,21,-79,-6,-86,0,-122,5,-143,10,-161,14,-77,18,-94,6,-69,-1,-53,31,-64,32,-75,16,-54,9,-40,45,-47,43,-58,27,-45,19,-37,1
0,0,-16,-27,-20,-59,2,-77,26,-79,-1,-86,5,-121,11,-142,17,-160,19,-77,22,-93,11,-70,5,-54,34,-65,36,-77,22,-56,15,-42,48,-48,50,-63,36,-52,27,-42,1
0,0,-17,-25,-19,-58,1,-76,25,-77,0,-88,6,-121,12,-142,18,-160,19,-78,24,-92,12,-68,5,-55,34,-65,38,-75,23,-55,16,-43,48,-49,48,-58,34,-45,26,-38,1
0,0,-16,-25,-16,-59,8,-76,31,-76,1,-88,9,-121,15,-142,21,-159,20,-78,25,-94,14,-72,8,-60,36,-65,39,-78,24,-58,19,-47,48,-49,51,-62,38,-52,31,-45,1
0,0,-16,-25,-18,-56,2,-75,25,-79,-4,-85,3,-118,9,-139,15,-156,16,-76,22,-92,12,-70,4,-55,31,-64,36,-75,22,-56,13,-43,45,-49,46,-60,33,-49,23,-41,1
0,0,-15,-23,-18,-52,1,-72,24,-77,-7,-84,-2,-117,4,-137,11,-153,11,-76,20,-90,10,-68,2,-54,26,-66,34,-75,21,-55,12,-43,38,-52,43,-61,32,-49,23,-41,1
0,0,-15,-25,-18,-52,-1,-72,21,-77,-8,-83,-3,-115,2,-133,8,-149,10,-75,17,-90,8,-70,1,-56,24,-64,31,-74,19,-55,10,-43,37,-50,41,-58,29,-47,21,-39,1
0,0,-15,-23,-18,-51,-2,-70,19,-75,-9,-81,-4,-112,1,-130,7,-145,8,-74,14,-89,6,-68,-1,-56,23,-64,28,-74,16,-56,10,-45,36,-51,39,-60,28,-48,22,-41,1
0,0,-14,-25,-16,-53,0,-70,19,-78,-7,-80,-1,-110,6,-127,12,-142,10,-71,18,-88,10,-68,2,-55,24,-59,30,-72,18,-54,10,-43,36,-44,40,-55,29,-44,20,-36,1
0,0,-14,-23,-15,-47,1,-64,20,-72,-3,-76,5,-107,10,-124,15,-138,13,-69,16,-83,10,-65,7,-52,28,-59,30,-72,20,-55,15,-43,41,-46,44,-60,32,-51,24,-42,1
0,0,-21,-18,-28,-46,-15,-67,7,-74,-12,-75,-7,-111,-5,-130,0,-146,7,-68,5,-83,-2,-62,-3,-49,23,-58,21,-69,9,-49,5,-36,39,-45,37,-59,25,-47,19,-36,1
0,0,-28,-20,-43,-56,-32,-78,-6,-80,-19,-87,-17,-123,-17,-146,-14,-166,1,-81,-5,-101,-12,-79,-13,-65,20,-70,11,-84,0,-60,-3,-45,38,-55,24,-67,10,-58,4,-50,1
0,0,-24,-23,-37,-56,-30,-80,-3,-85,-10,-94,-7,-140,-9,-166,-9,-188,15,-88,1,-97,-8,-69,-11,-50,36,-76,21,-82,7,-57,1,-39,55,-59,42,-71,26,-57,17,-43,1
0,0,-31,-22,-51,-59,-45,-84,-16,-90,-15,-102,-12,-151,-14,-177,-14,-200,12,-98,-7,-109,-16,-79,-15,-59,33,-85,13,-90,0,-63,-3,-44,53,-67,36,-76,18,-61,9,-47,1
0,0,-30,-18,-50,-54,-46,-79,-19,-82,-13,-108,-9,-158,-11,-185,-10,-209,16,-103,-1,-113,-13,-84,-13,-67,39,-86,18,-86,3,-61,2,-47,58,-64,39,-68,22,-53,17,-43,1
0,0,-35,-20,-60,-59,-61,-83,-36,-88,-19,-116,-13,-169,-13,-199,-11,-225,10,-108,-10,-125,-25,-93,-25,-74,32,-91,9,-96,-7,-70,-9,-52,50,-66,29,-75,10,-59,5,-46,1
0,0,-26,-24,-37,-64,-11,-89,20,-94,-24,-107,-35,-149,-40,-177,-42,-202,3,-107,4,-151,4,-184,5,-211,24,-92,29,-123,13,-102,3,-79,41,-70,38,-93,20,-81,7,-65,2
0,0,-28,-21,-42,-60,-17,-82,11,-85,-20,-107,-30,-149,-35,-177,-39,-203,7,-107,8,-153,9,-187,12,-217,29,-90,28,-118,13,-93,4,-70,47,-66,36,-83,18,-69,5,-53,2
0,0,-30,-23,-46,-65,-20,-88,11,-91,-21,-109,-33,-153,-40,-181,-44,-207,7,-109,8,-156,8,-192,10,-222,29,-93,24,-119,8,-94,0,-71,46,-69,32,-88,13,-74,0,-59,2
0,0,-31,-23,-46,-65,-19,-91,12,-98,-24,-111,-35,-154,-42,-182,-47,-208,5,-111,7,-160,6,-196,6,-227,28,-95,23,-121,7,-95,3,-74,44,-71,31,-89,14,-73,4,-57,2
0,0,-31,-25,-47,-67,-21,-92,11,-93,-19,-114,-31,-157,-38,-185,-41,-210,8,-113,14,-162,15,-198,17,-229,31,-97,24,-120,7,-94,-1,-69,47,-74,33,-92,13,-79,0,-62,2
0,0,-32,-21,-49,-65,-25,-91,5,-94,-19,-113,-31,-158,-38,-188,-40,-215,10,-113,13,-163,12,-201,13,-232,33,-97,27,-126,8,-101,-2,-75,50,-75,30,-92,9,-75,-5,-55,2
0,0,-33,-23,-49,-67,-29,-92,-1,-98,-19,-117,-30,-163,-37,-192,-41,-219,11,-114,16,-165,18,-202,20,-235,35,-96,27,-121,7,-98,-5,-76,52,-72,34,-89,10,-78,-8,-64,2
0,0,-34,-20,-51,-60,-36,-88,-10,-95,-23,-112,-34,-160,-41,-190,-45,-218,6,-111,7,-162,6,-199,6,-232,30,-94,12,-115,-5,-89,-11,-66,47,-72,21,-86,0,-71,-12,-55,2
0,0,-36,-16,-56,-59,-42,-86,-14,-93,-21,-110,-37,-159,-48,-189,-55,-217,10,-109,5,-162,2,-203,1,-238,35,-92,10,-109,-6,-81,-11,-56,52,-70,22,-83,-1,-71,-15,-57,2
0,0,-34,-19,-53,-60,-43,-89,-16,-96,-17,-117,-38,-162,-50,-191,-56,-220,14,-116,6,-167,0,-206,-3,-242,40,-99,7,-112,-10,-83,-12,-60,54,-76,16,-83,-5,-66,-12,-50,2
0,0,-37,-18,-62,-59,-55,-89,-29,-95,-27,-116,-50,-162,-61,-192,-69,-221,4,-117,-4,-171,-12,-213,-16,-247,30,-102,-5,-118,-21,-87,-23,-58,45,-81,6,-87,-13,-67,-20,-46,2
0,0,-37,-18,-66,-57,-62,-89,-36,-102,-33,-115,-56,-163,-67,-194,-73,-223,-3,-118,-13,-176,-18,-217,-19,-253,23,-104,-8,-130,-25,-102,-27,-75,39,-83,2,-90,-18,-68,-24,-46,2
0,0,-35,-19,-60,-65,-45,-96,-15,-99,-26,-120,-38,-171,-43,-203,-46,-233,3,-119,-4,-175,-14,-212,-21,-243,29,-104,1,-121,-13,-91,-12,-66,47,-81,15,-96,-3,-75,-7,-56,2
0,0,-33,-22,-56,-65,-42,-92,-12,-94,-28,-119,-44,-170,-52,-200,-57,-231,3,-118,0,-174,-5,-212,-9,-247,30,-100,7,-114,-9,-83,-13,-61,49,-75,21,-85,-1,-69,-13,-55,2
0,0,-33,-21,-53,-66,-40,-92,-12,-93,-24,-120,-38,-175,-47,-208,-51,-240,7,-118,10,-177,4,-216,0,-249,33,-100,17,-129,-3,-107,-13,-86,50,-75,25,-92,1,-78,-12,-62,2
0,0,-36,-20,-60,-59,-53,-83,-28,-86,-28,-123,-45,-174,-54,-206,-60,-238,7,-122,3,-181,-4,-222,-9,-259,36,-103,2,-116,-19,-84,-24,-59,53,-77,18,-84,-3,-64,-10,-47,2
0,0,-39,-24,-66,-65,-54,-79,-23,-82,-17,-130,-36,-181,-46,-213,-50,-245,16,-123,5,-177,-8,-216,-16,-250,41,-101,1,-105,-20,-78,-21,-59,53,-71,11,-73,-12,-59,-18,-49,2
0,0,-34,-20,-59,-63,-39,-69,-4,-68,-15,-123,-33,-167,-44,-195,-50,-227,21,-117,16,-166,3,-203,-2,-240,49,-95,17,-98,-9,-68,-10,-52,64,-62,29,-63,5,-48,2,-40,2
0,0,-40,-18,-67,-60,-43,-65,-7,-64,-22,-116,-38,-162,-50,-190,-58,-219,13,-110,12,-159,2,-196,-4,-232,39,-88,15,-83,-8,-56,-13,-42,54,-57,21,-52,-2,-38,-9,-31,2
0,0,-32,-20,-48,-64,-24,-75,8,-77,-7,-118,-13,-162,-22,-192,-30,-224,24,-111,27,-158,18,-198,14,-237,50,-90,26,-89,3,-63,-1,-49,68,-59,39,-61,16,-48,7,-40,2
0,0,-39,-17,-62,-55,-40,-65,-8,-63,-21,-108,-33,-155,-42,-185,-48,-212,12,-104,14,-155,13,-193,14,-228,37,-83,17,-85,-5,-58,-14,-41,53,-57,26,-57,3,-43,-9,-34,2
0,0,-35,-17,-56,-66,-26,-82,9,-79,-19,-119,-30,-161,-36,-191,-41,-221,12,-117,16,-164,15,-203,16,-237,37,-97,28,-111,6,-85,-2,-65,55,-69,36,-80,13,-64,-1,-51,2
0,0,-37,-20,-55,-70,-22,-86,14,-83,-19,-122,-26,-165,-31,-196,-37,-225,13,-120,19,-165,20,-203,21,-236,38,-100,30,-115,9,-87,-1,-64,57,-73,41,-89,16,-75,-2,-60,2
0,0,-35,-21,-49,-70,-15,-85,19,-82,-15,-122,-20,-162,-23,-193,-26,-221,17,-120,23,-165,22,-203,24,-234,41,-99,37,-118,13,-90,2,-67,58,-71,42,-83,19,-64,6,-48,2
0,0,-33,-23,-46,-68,-13,-83,21,-81,-17,-117,-21,-160,-23,-190,-23,-217,12,-115,22,-160,27,-196,32,-226,34,-95,39,-112,19,-88,9,-69,51,-68,45,-80,25,-65,10,-52,2
0,0,-30,-22,-39,-66,-5,-78,29,-76,-14,-116,-17,-157,-17,-187,-16,-214,16,-112,25,-156,32,-192,39,-223,39,-92,46,-111,26,-87,14,-69,56,-65,52,-78,31,-63,16,-49,2
0,0,-31,-22,-39,-66,-4,-79,30,-76,-14,-112,-14,-154,-13,-185,-12,-212,16,-108,28,-153,36,-189,45,-220,39,-88,47,-105,29,-80,19,-61,57,-62,54,-74,34,-58,20,-45,2
0,0,-30,-22,-32,-62,8,-72,41,-70,-12,-107,-12,-148,-14,-178,-14,-204,17,-103,31,-148,38,-183,48,-213,38,-86,48,-101,31,-75,22,-58,53,-62,56,-76,40,-61,31,-49,2
0,0,-26,-24,-29,-67,9,-74,44,-68,-4,-108,-5,-150,-3,-182,-1,-211,24,-102,36,-147,45,-183,54,-214,45,-81,56,-101,38,-80,24,-62,59,-54,58,-69,37,-56,20,-43,2
0,0,-24,-24,-27,-65,10,-81,44,-80,-4,-111,-5,-154,-4,-186,-2,-213,25,-107,35,-151,45,-188,54,-219,45,-87,59,-114,40,-95,24,-76,61,-59,64,-79,45,-69,27,-56,2
0,0,-26,-26,-31,-67,2,-82,32,-79,-3,-114,-6,-158,-5,-188,-3,-214,26,-109,37,-155,45,-191,54,-222,46,-89,58,-116,39,-99,25,-80,61,-61,61,-82,42,-73,26,-59,2
0,0,-24,-27,-34,-67,-4,-87,28,-90,-10,-115,-15,-157,-15,-186,-15,-211,19,-113,27,-158,35,-194,44,-223,41,-94,45,-113,26,-91,13,-72,57,-68,52,-77,35,-63,21,-51,2
0,0,-25,-25,-33,-63,-3,-84,30,-89,-17,-112,-22,-154,-23,-183,-22,-208,12,-109,22,-155,31,-191,42,-221,34,-92,41,-111,23,-87,11,-66,51,-66,50,-83,32,-70,16,-55,2
0,0,-24,-28,-26,-68,10,-88,45,-88,-11,-108,-15,-152,-17,-179,-17,-203,18,-105,30,-152,36,-186,45,-214,38,-87,40,-104,21,-79,14,-60,54,-63,49,-81,33,-67,24,-54,2
0,0,-26,-28,-29,-67,7,-86,40,-86,-14,-109,-15,-152,-14,-180,-11,-206,14,-106,26,-151,35,-185,45,-211,33,-90,42,-110,24,-85,13,-63,49,-68,56,-87,42,-73,31,-58,2
0,0,-22,-26,-21,-65,17,-83,49,-84,-9,-105,-9,-148,-8,-175,-6,-199,18,-101,30,-144,39,-177,48,-203,37,-84,46,-105,27,-81,17,-60,52,-61,55,-79,39,-65,29,-52,2
0,0,-22,-24,-22,-64,12,-84,43,-87,-9,-101,-11,-144,-10,-172,-9,-197,17,-98,30,-143,39,-178,48,-206,36,-81,41,-103,23,-78,14,-58,51,-60,50,-81,34,-66,24,-52,2
0,0,-20,-25,-21,-65,15,-84,46,-86,-7,-104,-9,-146,-8,-175,-7,-199,19,-100,33,-144,43,-179,51,-206,39,-82,50,-108,31,-85,20,-64,53,-57,57,-79,40,-65,28,-50,2
0,0,-23,-25,-28,-65,3,-87,35,-87,-12,-106,-14,-149,-14,-177,-12,-202,15,-103,28,-147,36,-181,45,-210,35,-85,46,-111,27,-89,14,-68,49,-61,50,-80,30,-68,15,-54,2
0,0,-25,-22,-33,-66,2,-86,35,-85,-8,-106,-14,-148,-15,-178,-16,-204,21,-103,30,-151,37,-189,44,-220,42,-84,50,-111,31,-90,17,-70,58,-59,54,-75,34,-60,18,-45,2
0,0,-26,-23,-37,-64,-10,-86,21,-89,-12,-108,-21,-155,-25,-185,-27,-211,17,-104,27,-158,33,-197,40,-230,39,-85,41,-116,21,-94,9,-72,55,-61,47,-80,28,-66,13,-50,2
0,0,-28,-23,-41,-63,-15,-86,17,-90,-15,-111,-25,-158,-31,-188,-34,-216,15,-107,22,-164,28,-203,34,-237,37,-88,32,-114,14,-86,6,-64,54,-63,41,-80,22,-63,11,-48,2
0,0,-32,-22,-51,-64,-28,-89,3,-96,-21,-120,-33,-169,-40,-202,-45,-232,12,-119,22,-177,27,-219,33,-254,37,-99,32,-132,12,-113,2,-94,54,-74,35,-88,14,-68,1,-48,2
0,0,-36,-23,-55,-64,-37,-91,-10,-98,-27,-125,-41,-175,-50,-206,-56,-235,5,-125,10,-182,12,-223,15,-258,31,-107,19,-135,1,-110,-6,-85,50,-84,28,-101,5,-85,-9,-67,2
0,0,-35,-22,-55,-62,-39,-91,-11,-103,-28,-125,-43,-175,-52,-206,-59,-236,6,-125,8,-181,10,-222,12,-257,32,-107,16,-124,-2,-96,-10,-72,51,-83,27,-89,7,-72,-7,-54,2
0,0,-35,-20,-57,-63,-41,-91,-11,-100,-26,-123,-43,-173,-55,-205,-63,-235,7,-123,9,-181,9,-224,10,-261,34,-105,14,-123,-5,-92,-11,-65,54,-81,28,-91,7,-73,-5,-54,2
0,0,-37,-18,-59,-60,-45,-89,-16,-100,-28,-120,-46,-172,-58,-204,-66,-236,5,-120,6,-180,6,-224,7,-264,34,-103,11,-119,-7,-87,-14,-60,54,-79,27,-90,5,-72,-9,-54,2
0,0,-34,-15,-59,-59,-43,-86,-11,-96,-26,-125,-42,-176,-54,-208,-63,-240,9,-125,11,-183,8,-228,8,-268,39,-107,13,-118,-7,-86,-14,-60,57,-82,24,-85,1,-65,-11,-46,2
0,0,-37,-18,-65,-59,-52,-82,-20,-95,-29,-129,-48,-177,-60,-207,-71,-238,8,-130,9,-186,5,-230,2,-270,38,-111,13,-125,-11,-96,-20,-70,59,-84,27,-91,1,-73,-13,-53,2
0,0,-25,-13,-29,-47,6,-68,38,-85,-30,-91,-44,-129,-51,-155,-56,-178,-3,-98,-11,-141,-16,-172,-20,-198,20,-89,38,-126,54,-157,66,-186,39,-69,42,-89,33,-74,26,-57,3
0,0,-27,-11,-39,-47,-8,-73,24,-90,-38,-97,-57,-132,-67,-157,-75,-178,-12,-104,-23,-147,-30,-177,-35,-203,11,-95,25,-133,38,-165,48,-195,32,-76,29,-96,19,-81,11,-62,3
0,0,-27,-13,-42,-51,-10,-76,22,-92,-38,-99,-56,-136,-68,-163,-79,-187,-9,-106,-19,-150,-27,-182,-34,-209,15,-96,31,-134,43,-167,52,-196,35,-76,32,-98,19,-84,8,-66,3
0,0,-27,-11,-42,-51,-10,-72,22,-85,-32,-102,-52,-138,-66,-161,-78,-183,-2,-109,-12,-153,-20,-185,-27,-211,22,-98,35,-135,46,-167,55,-195,43,-75,35,-94,20,-80,8,-62,3
0,0,-28,-13,-47,-53,-16,-76,18,-88,-35,-104,-55,-139,-67,-162,-77,-184,-5,-112,-15,-157,-22,-189,-28,-216,20,-102,31,-139,42,-172,51,-201,42,-79,35,-99,19,-85,7,-67,3
0,0,-30,-14,-47,-57,-18,-81,16,-91,-32,-105,-55,-142,-70,-167,-82,-189,-4,-111,-13,-158,-21,-193,-28,-222,20,-100,33,-140,42,-176,49,-208,40,-80,30,-102,11,-89,-3,-71,3
0,0,-29,-14,-50,-56,-26,-83,8,-90,-33,-109,-54,-146,-67,-170,-77,-193,-5,-115,-10,-163,-14,-199,-17,-229,20,-103,29,-143,34,-176,36,-204,40,-81,30,-103,12,-92,-1,-75,3
0,0,-32,-15,-53,-56,-30,-81,1,-86,-34,-109,-56,-145,-70,-168,-81,-190,-5,-113,-11,-164,-15,-198,-19,-228,21,-101,28,-141,32,-174,35,-203,43,-79,30,-100,10,-92,-5,-79,3
0,0,-28,-18,-47,-58,-26,-82,5,-88,-23,-110,-44,-146,-60,-168,-74,-189,6,-114,-1,-164,-6,-199,-10,-230,32,-102,31,-144,31,-179,29,-210,53,-80,31,-99,11,-87,-3,-68,3
0,0,-29,-18,-51,-61,-34,-85,-5,-88,-25,-110,-48,-148,-65,-171,-79,-192,3,-113,-4,-165,-9,-201,-12,-233,26,-100,25,-143,24,-176,23,-206,45,-78,26,-101,5,-90,-8,-73,3
0,0,-36,-23,-60,-63,-51,-88,-21,-89,-33,-116,-60,-153,-76,-175,-87,-196,-5,-118,-15,-169,-19,-206,-19,-238,19,-106,9,-147,4,-182,0,-212,36,-85,8,-103,-12,-89,-23,-69,3
0,0,-37,-21,-60,-60,-54,-85,-28,-90,-32,-115,-59,-152,-77,-172,-91,-191,-5,-117,-12,-168,-15,-204,-14,-235,17,-105,6,-148,0,-184,-4,-215,33,-84,4,-106,-18,-96,-32,-78,3
0,0,-33,-23,-59,-64,-52,-88,-24,-93,-33,-117,-57,-156,-75,-178,-89,-197,-6,-118,-12,-168,-16,-204,-17,-234,16,-104,8,-147,3,-186,-1,-219,32,-81,3,-101,-19,-86,-30,-64,3
0,0,-36,-21,-63,-63,-50,-88,-15,-93,-36,-118,-59,-158,-76,-180,-89,-200,-8,-122,-10,-171,-13,-206,-14,-235,14,-110,11,-152,5,-189,2,-220,33,-88,12,-110,-11,-98,-25,-79,3
0,0,-36,-21,-59,-63,-40,-89,-7,-98,-38,-116,-60,-155,-75,-178,-87,-201,-9,-121,-14,-172,-17,-206,-20,-234,15,-109,16,-151,14,-184,14,-215,36,-85,19,-105,-3,-94,-18,-78,3
0,0,-33,-22,-52,-69,-28,-98,6,-104,-33,-116,-57,-155,-73,-180,-87,-203,-2,-119,-8,-172,-12,-209,-15,-238,22,-106,26,-152,29,-189,31,-221,43,-85,25,-107,5,-93,-8,-75,3
0,0,-32,-20,-54,-64,-31,-91,4,-101,-36,-113,-60,-151,-76,-176,-89,-200,-5,-118,-11,-169,-16,-206,-19,-235,20,-107,26,-150,30,-187,32,-220,42,-85,30,-105,11,-92,-3,-73,3
0,0,-35,-22,-51,-65,-30,-96,6,-108,-35,-114,-58,-154,-74,-177,-86,-198,-6,-119,-10,-168,-15,-203,-19,-229,19,-109,26,-154,31,-191,36,-222,40,-87,25,-112,4,-99,-11,-80,3
0,0,-33,-24,-44,-70,-18,-101,16,-113,-30,-113,-50,-154,-64,-179,-74,-200,1,-117,-2,-168,-5,-203,-7,-230,26,-107,35,-153,41,-190,47,-222,48,-85,38,-112,19,-99,5,-79,3
0,0,-29,-25,-39,-71,-14,-103,20,-116,-25,-114,-45,-153,-58,-179,-69,-201,5,-118,2,-168,0,-204,-1,-231,29,-106,38,-152,43,-189,47,-220,50,-84,40,-112,21,-100,6,-80,3
0,0,-34,-25,-50,-67,-31,-98,0,-107,-33,-118,-55,-155,-71,-178,-82,-200,-7,-121,-10,-170,-13,-204,-14,-233,18,-110,22,-153,26,-192,29,-225,39,-89,22,-110,4,-95,-7,-71,3
0,0,-34,-23,-55,-65,-39,-95,-10,-107,-36,-116,-62,-152,-80,-175,-94,-197,-8,-119,-12,-168,-15,-203,-16,-231,16,-108,15,-150,15,-189,15,-222,36,-87,16,-109,-5,-96,-20,-75,3
0,0,-35,-27,-58,-67,-45,-100,-15,-115,-45,-116,-71,-152,-87,-176,-101,-197,-17,-121,-23,-170,-28,-205,-31,-231,7,-111,5,-155,4,-193,3,-225,29,-91,9,-112,-9,-97,-21,-76,3
0,0,-36,-27,-59,-72,-44,-102,-11,-108,-40,-117,-66,-155,-82,-180,-94,-200,-14,-121,-21,-170,-28,-205,-33,-231,9,-112,4,-156,0,-194,-2,-224,30,-93,9,-117,-9,-103,-20,-82,3
0,0,-29,-31,-43,-74,-21,-101,13,-105,-29,-116,-51,-155,-64,-178,-72,-199,-2,-118,-6,-167,-9,-200,-12,-226,21,-106,24,-150,27,-186,30,-216,41,-84,28,-109,9,-100,-5,-82,3
0,0,-30,-32,-33,-75,-6,-101,26,-109,-22,-112,-40,-152,-52,-175,-62,-193,6,-115,7,-164,4,-196,1,-220,30,-103,40,-149,48,-182,55,-212,50,-81,42,-108,24,-99,9,-82,3
0,0,-34,-32,-43,-74,-13,-99,21,-100,-29,-107,-46,-147,-56,-170,-64,-191,1,-109,-3,-158,-6,-191,-6,-216,24,-99,32,-143,39,-177,46,-206,44,-78,35,-102,17,-92,3,-75,3
0,0,-28,-28,-34,-71,-4,-96,30,-95,-22,-106,-36,-144,-46,-169,-53,-192,5,-107,4,-152,1,-184,-2,-210,28,-95,41,-132,53,-164,64,-192,45,-74,42,-98,25,-92,10,-79,3
0,0,-26,-31,-30,-72,1,-96,33,-93,-18,-104,-31,-144,-40,-169,-46,-191,9,-105,8,-151,7,-183,6,-208,30,-92,44,-133,56,-164,68,-191,47,-71,44,-98,28,-94,14,-82,3
0,0,-27,-27,-29,-70,5,-93,41,-95,-19,-101,-30,-140,-38,-164,-43,-186,9,-103,8,-146,5,-176,3,-199,32,-91,47,-129,61,-161,74,-189,49,-69,44,-94,28,-83,15,-67,3
0,0,-26,-26,-27,-67,7,-90,43,-89,-18,-98,-27,-137,-33,-160,-36,-182,10,-100,9,-142,7,-171,5,-195,32,-89,49,-126,62,-154,74,-180,51,-68,50,-90,36,-81,25,-67,3
0,0,-27,-25,-28,-65,5,-89,42,-92,-21,-94,-32,-134,-36,-158,-37,-181,6,-97,4,-140,2,-169,1,-193,28,-87,44,-124,59,-155,72,-182,47,-67,45,-90,30,-81,18,-67,3
0,0,-27,-22,-25,-63,11,-85,46,-85,-17,-93,-24,-132,-27,-156,-28,-178,11,-95,10,-134,8,-163,7,-186,33,-84,51,-120,64,-147,77,-174,50,-64,48,-84,34,-70,23,-53,3
0,0,-24,-23,-22,-63,15,-83,49,-82,-13,-89,-18,-128,-19,-154,-20,-176,14,-90,18,-131,17,-162,18,-187,35,-78,54,-112,64,-135,74,-156,51,-58,56,-80,43,-72,32,-60,3
0,0,-21,-27,-19,-66,17,-85,48,-86,-15,-91,-21,-130,-23,-156,-26,-178,12,-91,15,-134,16,-166,18,-193,33,-79,48,-110,49,-122,51,-132,48,-60,53,-82,40,-71,30,-56,3
0,0,-23,-23,-23,-63,8,-86,41,-88,-17,-92,-25,-131,-27,-156,-28,-178,9,-93,10,-133,11,-162,11,-186,30,-81,47,-118,58,-148,66,-175,48,-61,48,-85,33,-73,19,-58,3
0,0,-25,-23,-25,-65,10,-90,45,-92,-24,-92,-31,-131,-34,-156,-36,-178,3,-95,2,-134,0,-162,-2,-186,25,-85,41,-122,53,-151,62,-179,43,-67,41,-89,29,-78,19,-63,3
0,0,-26,-19,-26,-59,7,-83,39,-88,-20,-89,-28,-129,-32,-154,-34,-176,7,-92,7,-133,5,-163,4,-187,28,-82,46,-119,59,-148,70,-174,45,-63,43,-85,29,-73,16,-57,3
0,0,-22,-18,-23,-56,14,-78,45,-87,-17,-86,-23,-126,-25,-152,-27,-175,10,-88,10,-133,11,-165,13,-189,31,-76,50,-112,61,-134,70,-152,47,-57,49,-78,35,-68,24,-54,3
0,0,-25,-17,-23,-55,14,-75,47,-77,-16,-86,-22,-124,-24,-149,-24,-171,10,-87,8,-128,9,-160,11,-184,32,-76,49,-112,63,-142,75,-168,48,-57,45,-73,31,-56,23,-39,3
0,0,-23,-14,-22,-51,15,-69,47,-75,-16,-85,-19,-122,-19,-147,-18,-171,11,-88,13,-129,17,-162,21,-189,32,-76,54,-110,71,-137,84,-162,48,-56,49,-71,36,-55,25,-39,3
0,0,-23,-12,-21,-44,14,-62,46,-68,-11,-82,-12,-119,-10,-144,-7,-165,16,-85,19,-130,24,-164,30,-191,35,-74,58,-108,75,-133,89,-155,48,-55,52,-67,43,-55,36,-42,3
0,0,-21,-12,-16,-44,22,-59,54,-65,-5,-82,-3,-119,0,-144,3,-165,20,-85,26,-131,34,-166,42,-195,38,-74,64,-108,83,-132,99,-153,50,-54,56,-67,48,-53,41,-38,3
0,0,-21,-15,-21,-46,17,-56,52,-61,-5,-87,-3,-120,-3,-141,-2,-157,22,-87,30,-132,38,-167,46,-196,41,-73,68,-106,87,-128,103,-148,54,-51,60,-62,47,-48,38,-34,3
0,0,-21,-16,-22,-52,13,-63,44,-68,-3,-93,-5,-125,-5,-145,-6,-158,25,-92,32,-137,39,-171,45,-199,44,-76,69,-110,88,-135,104,-158,58,-52,62,-72,46,-60,32,-46,3
0,0,-24,-13,-27,-50,10,-61,44,-72,-11,-98,-21,-130,-25,-152,-27,-169,17,-100,19,-146,24,-178,30,-205,37,-86,58,-119,76,-142,91,-165,50,-63,52,-76,38,-61,27,-45,3
0,0,-23,-14,-31,-51,3,-66,33,-78,-14,-102,-27,-134,-35,-156,-42,-174,13,-106,14,-154,15,-188,18,-219,34,-92,53,-128,63,-155,71,-182,49,-68,50,-84,35,-70,23,-55,3
0,0,-28,-13,-41,-51,-9,-67,23,-77,-23,-104,-40,-135,-51,-155,-60,-172,6,-110,4,-159,2,-195,3,-226,29,-96,43,-133,48,-160,52,-186,48,-72,42,-86,27,-72,16,-57,3
0,0,-31,-11,-49,-50,-19,-69,16,-76,-30,-104,-51,-135,-63,-155,-75,-173,-1,-112,-6,-160,-8,-196,-9,-228,23,-100,32,-136,36,-164,38,-189,42,-77,32,-90,16,-76,3,-61,3
0,0,-31,-12,-53,-50,-27,-68,8,-73,-32,-105,-54,-135,-69,-153,-82,-171,-2,-112,-7,-161,-9,-198,-12,-230,24,-100,32,-134,34,-162,35,-188,46,-77,32,-90,14,-80,-1,-68,3
0,0,-34,-9,-58,-44,-42,-64,-8,-67,-40,-105,-65,-134,-83,-150,-99,-164,-9,-113,-17,-164,-22,-201,-25,-234,19,-101,18,-136,15,-164,9,-187,43,-80,23,-85,4,-72,-11,-58,3
0,0,-31,-14,-54,-50,-36,-63,-7,-63,-27,-104,-51,-137,-70,-148,-81,-157,2,-109,-11,-160,-18,-199,-20,-237,29,-98,20,-134,12,-162,6,-189,52,-76,25,-84,8,-69,-2,-54,3
0,0,-35,-11,-65,-48,-45,-63,-11,-70,-35,-108,-66,-136,-87,-154,-104,-169,-5,-115,-17,-164,-26,-204,-32,-241,22,-103,9,-135,-7,-165,-16,-192,43,-80,11,-80,-10,-63,-20,-47,3
0,0,-46,-19,-73,-55,-60,-65,-32,-67,-34,-118,-55,-159,-70,-186,-81,-212,-8,-118,-33,-163,-54,-197,-69,-231,14,-101,-24,-112,-61,-123,-85,-138,29,-74,-5,-66,-26,-54,-36,-47,3
0,0,-38,-16,-60,-54,-43,-82,-9,-93,-49,-114,-73,-152,-91,-175,-107,-196,-19,-120,-23,-168,-28,-205,-31,-238,7,-108,14,-147,15,-182,16,-214,31,-85,16,-102,-5,-83,-19,-61,3
0,0,-34,-19,-59,-64,-34,-91,2,-101,-41,-116,-63,-156,-77,-182,-89,-207,-9,-122,-15,-173,-22,-210,-26,-240,18,-110,23,-154,25,-187,27,-217,41,-86,28,-109,7,-96,-9,-79,3
0,0,-36,-19,-62,-66,-32,-91,5,-99,-40,-119,-60,-158,-73,-183,-82,-207,-7,-125,-13,-176,-16,-212,-18,-240,20,-114,27,-155,31,-186,36,-214,41,-89,27,-110,6,-97,-8,-79,3
0,0,-34,-21,-54,-66,-25,-93,10,-100,-39,-117,-59,-156,-73,-182,-83,-207,-9,-123,-14,-172,-19,-208,-21,-237,16,-112,26,-153,32,-186,38,-216,38,-90,30,-113,11,-100,-3,-82,3
0,0,-32,-31,-49,-77,-19,-107,19,-107,-35,-117,-51,-162,-64,-188,-75,-211,-5,-121,-9,-172,-15,-210,-16,-240,18,-112,20,-155,18,-188,22,-216,39,-93,32,-129,17,-141,6,-145,3
0,0,-26,-16,-40,-51,-10,-81,20,-91,-41,-101,-61,-138,-73,-163,-83,-185,-16,-111,-24,-157,-31,-188,-36,-214,8,-107,12,-148,13,-178,15,-205,30,-93,42,-126,49,-147,55,-168,4
0,0,-28,-15,-44,-47,-15,-76,13,-87,-45,-98,-65,-136,-77,-162,-87,-186,-19,-107,-27,-155,-33,-187,-38,-213,5,-104,11,-146,13,-177,14,-204,28,-91,41,-123,49,-145,55,-166,4
0,0,-29,-14,-46,-46,-18,-75,11,-89,-48,-98,-69,-136,-81,-162,-91,-184,-22,-107,-30,-155,-36,-186,-40,-210,3,-104,9,-146,12,-178,14,-204,26,-91,39,-125,47,-148,53,-169,4
0,0,-31,-15,-48,-48,-24,-78,3,-89,-49,-99,-69,-137,-82,-163,-92,-186,-23,-107,-28,-157,-33,-189,-37,-217,2,-102,8,-148,11,-180,13,-207,25,-90,40,-125,48,-149,54,-171,4
0,0,-30,-16,-49,-50,-26,-81,3,-91,-48,-99,-69,-137,-82,-163,-92,-186,-21,-107,-27,-157,-32,-190,-36,-218,4,-103,12,-150,16,-183,18,-211,28,-90,42,-127,50,-151,55,-173,4
0,0,-34,-14,-58,-51,-35,-83,-5,-89,-55,-102,-76,-141,-90,-167,-101,-191,-27,-111,-34,-162,-40,-195,-45,-221,-1,-106,6,-152,9,-184,12,-212,24,-90,36,-127,43,-151,49,-173,4
0,0,-35,-16,-60,-55,-32,-83,1,-88,-52,-106,-72,-145,-86,-172,-97,-195,-23,-113,-28,-165,-35,-199,-38,-226,3,-108,12,-154,16,-187,18,-216,26,-93,39,-131,46,-154,51,-176,4
0,0,-35,-14,-61,-49,-39,-79,-7,-89,-53,-107,-73,-148,-87,-177,-99,-202,-24,-115,-30,-168,-36,-204,-41,-232,3,-109,12,-157,18,-192,22,-224,27,-94,41,-132,48,-157,54,-180,4
0,0,-35,-18,-58,-57,-34,-85,-3,-87,-51,-109,-69,-153,-83,-183,-95,-208,-23,-116,-27,-171,-33,-208,-37,-237,3,-110,13,-159,17,-195,21,-226,25,-95,42,-135,51,-160,58,-184,4
0,0,-37,-15,-60,-54,-39,-84,-8,-87,-56,-107,-79,-150,-94,-178,-105,-203,-29,-114,-33,-170,-39,-209,-43,-240,-2,-108,8,-160,12,-198,16,-230,23,-93,37,-133,43,-159,48,-184,4
0,0,-37,-15,-63,-52,-47,-83,-17,-90,-56,-111,-81,-154,-96,-184,-109,-210,-29,-119,-34,-176,-40,-214,-44,-245,-4,-113,7,-164,10,-200,13,-232,18,-98,35,-136,42,-163,46,-187,4
0,0,-38,-16,-63,-54,-47,-83,-15,-86,-56,-110,-81,-154,-98,-185,-110,-211,-30,-117,-34,-174,-41,-213,-46,-243,-4,-110,7,-163,10,-201,12,-234,17,-94,34,-135,41,-163,45,-189,4
0,0,-40,-18,-68,-55,-50,-83,-17,-88,-58,-112,-83,-156,-99,-186,-113,-212,-31,-119,-35,-176,-40,-216,-43,-247,-5,-112,5,-164,9,-202,12,-235,18,-94,33,-135,40,-162,44,-188,4
0,0,-38,-22,-64,-61,-44,-89,-10,-89,-50,-115,-73,-161,-88,-192,-99,-219,-25,-121,-27,-180,-33,-220,-37,-252,-1,-114,11,-167,15,-205,18,-238,20,-97,36,-139,42,-167,46,-193,4
0,0,10,10,11,11,-5,12,-17,10,29,-17,38,-44,47,-64,54,-84,9,-29,9,-65,6,-91,6,-120,-12,-32,-28,-60,-32,-73,-31,-90,-29,-30,-41,-38,-40,-30,-35,-27,4
0,0,-33,-20,-56,-52,-34,-73,-4,-81,-44,-107,-63,-152,-76,-181,-87,-207,-18,-112,-19,-166,-22,-204,-26,-236,5,-102,21,-150,30,-187,37,-222,23,-83,42,-118,51,-145,58,-171,4
0,0,-35,-17,-56,-50,-32,-70,-1,-75,-44,-110,-62,-155,-75,-182,-85,-203,-17,-115,-16,-173,-20,-212,-25,-244,8,-105,27,-155,39,-192,47,-227,27,-84,47,-119,57,-146,64,-174,4
0,0,-37,-20,-63,-55,-43,-77,-12,-84,-55,-117,-78,-159,-94,-186,-108,-209,-28,-122,-28,-178,-32,-216,-38,-250,-2,-111,17,-160,28,-196,35,-231,20,-89,39,-125,49,-151,56,-178,4
0,0,-33,-3,-52,-18,-34,-21,-10,-24,-40,-65,-65,-100,-83,-125,-100,-148,-11,-72,-7,-121,-3,-158,-3,-194,17,-67,34,-109,48,-148,56,-187,39,-53,53,-78,58,-95,58,-112,4
0,0,-23,1,-36,-5,-21,4,-4,11,-38,-58,-67,-85,-88,-103,-109,-119,-12,-65,-16,-115,-19,-147,-23,-180,15,-60,31,-101,38,-131,41,-159,39,-44,61,-69,72,-86,78,-105,4
0,0,-36,-16,-59,-48,-34,-68,-2,-76,-53,-111,-80,-151,-99,-173,-118,-193,-25,-118,-23,-177,-27,-215,-31,-249,1,-107,21,-157,31,-192,37,-226,23,-86,45,-118,57,-142,64,-167,4
0,0,-44,-14,-72,-47,-48,-68,-13,-73,-66,-108,-97,-148,-117,-172,-135,-193,-39,-115,-41,-175,-46,-214,-51,-248,-13,-107,4,-156,11,-191,16,-225,11,-87,30,-119,40,-142,46,-167,4
0,0,-41,-14,-68,-45,-47,-67,-15,-76,-60,-110,-89,-148,-109,-171,-127,-191,-33,-117,-33,-174,-37,-211,-40,-245,-7,-107,10,-155,19,-189,23,-223,15,-86,36,-118,46,-139,51,-161,4
0,0,-37,-12,-60,-39,-31,-53,2,-60,-50,-102,-77,-140,-95,-162,-113,-181,-21,-109,-21,-164,-24,-199,-29,-232,5,-98,24,-143,33,-175,36,-207,27,-76,51,-104,62,-124,68,-148,4
0,0,-35,-12,-59,-40,-28,-54,7,-59,-44,-101,-71,-138,-89,-163,-105,-184,-16,-110,-17,-163,-21,-200,-26,-232,10,-102,29,-146,40,-178,46,-210,32,-81,58,-110,71,-130,81,-153,4
0,0,-35,-15,-58,-48,-27,-66,7,-73,-43,-107,-69,-147,-87,-174,-103,-197,-14,-115,-14,-169,-19,-207,-23,-241,13,-105,34,-150,44,-184,51,-217,36,-84,60,-114,74,-134,86,-157,4
0,0,-34,-17,-56,-53,-22,-71,12,-78,-40,-113,-65,-152,-81,-179,-95,-202,-9,-121,-8,-175,-10,-212,-12,-243,18,-111,39,-155,52,-188,60,-219,41,-88,67,-116,83,-135,95,-157,4
0,0,-34,-15,-53,-49,-19,-69,16,-79,-39,-112,-64,-151,-79,-176,-92,-199,-8,-121,-6,-174,-9,-211,-11,-242,21,-112,41,-158,51,-189,60,-220,43,-90,68,-119,83,-136,98,-156,4
0,0,-33,-15,-49,-51,-11,-70,24,-78,-36,-113,-59,-152,-73,-178,-86,-201,-3,-121,-2,-174,-5,-210,-7,-242,26,-111,42,-156,52,-189,59,-222,47,-88,73,-114,88,-131,100,-152,4
0,0,-34,-16,-50,-53,-15,-75,15,-82,-39,-114,-60,-154,-73,-181,-83,-205,-6,-120,-5,-174,-7,-209,-7,-239,23,-110,40,-156,48,-187,55,-216,47,-89,73,-118,89,-137,104,-158,4
0,0,-33,-17,-48,-53,-13,-74,18,-82,-37,-114,-56,-154,-67,-182,-74,-206,-5,-120,-5,-175,-6,-211,-5,-241,24,-111,41,-158,50,-188,59,-216,47,-91,75,-120,92,-138,109,-158,4
0,0,-31,-19,-43,-53,-7,-71,25,-79,-33,-114,-51,-156,-61,-184,-68,-209,-1,-120,2,-175,2,-210,3,-240,28,-111,47,-156,58,-187,68,-216,51,-90,80,-116,98,-134,115,-154,4
0,0,-29,-19,-41,-55,-4,-76,27,-83,-30,-114,-46,-157,-54,-185,-60,-210,2,-120,3,-174,4,-209,7,-238,31,-109,47,-153,57,-180,67,-204,54,-89,81,-115,99,-132,117,-152,4
0,0,-30,-24,-40,-63,4,-78,38,-81,-26,-115,-40,-159,-48,-188,-54,-213,7,-119,9,-175,12,-210,15,-239,35,-109,51,-154,63,-184,75,-210,56,-88,85,-113,104,-129,122,-147,4
0,0,-27,-23,-35,-62,8,-76,41,-72,-21,-113,-34,-156,-41,-184,-47,-208,11,-116,17,-170,19,-204,21,-234,37,-105,57,-149,69,-182,81,-210,57,-84,89,-108,109,-124,129,-142,4
0,0,-30,-22,-41,-59,0,-75,35,-79,-30,-114,-44,-158,-51,-187,-56,-211,3,-119,6,-174,8,-208,12,-237,31,-108,52,-152,65,-183,76,-210,54,-88,83,-113,103,-129,120,-147,4
0,0,-31,-19,-46,-54,-12,-75,21,-81,-38,-111,-54,-152,-61,-181,-67,-206,-5,-117,-2,-171,0,-205,3,-235,23,-108,44,-153,58,-185,69,-214,47,-87,76,-114,95,-133,111,-152,4
0,0,-31,-17,-46,-53,-14,-78,18,-84,-38,-110,-55,-153,-65,-182,-72,-209,-6,-116,-5,-173,-5,-209,-4,-242,23,-107,42,-155,55,-189,66,-219,47,-88,75,-119,94,-139,111,-159,4
0,0,-31,-19,-48,-58,-16,-86,19,-92,-40,-115,-58,-158,-69,-187,-77,-213,-8,-122,-9,-178,-11,-214,-12,-245,20,-114,38,-162,49,-197,58,-228,43,-95,74,-125,94,-144,112,-163,4
0,0,-29,-17,-46,-54,-18,-80,15,-90,-41,-113,-62,-154,-74,-184,-83,-209,-10,-120,-11,-175,-14,-210,-15,-240,18,-111,36,-159,48,-194,58,-224,41,-92,70,-121,89,-139,105,-157,4
0,0,-31,-19,-50,-59,-19,-88,16,-95,-44,-113,-64,-155,-78,-185,-88,-211,-13,-119,-13,-176,-15,-213,-15,-244,15,-111,33,-160,45,-196,54,-227,39,-91,66,-123,83,-143,99,-161,4
0,0,-31,-18,-50,-59,-16,-88,19,-94,-44,-113,-66,-155,-79,-185,-89,-212,-11,-120,-11,-175,-13,-212,-15,-243,17,-113,33,-162,42,-198,50,-228,42,-95,68,-128,85,-149,100,-169,4
0,0,-35,-19,-59,-62,-28,-94,9,-98,-51,-117,-76,-159,-91,-189,-103,-216,-19,-125,-22,-179,-26,-216,-27,-247,10,-116,28,-163,37,-198,44,-228,35,-97,60,-130,75,-151,87,-171,4
0,0,-34,-17,-60,-59,-32,-89,4,-94,-51,-117,-76,-159,-92,-189,-106,-214,-19,-125,-23,-181,-28,-218,-32,-249,10,-117,28,-166,37,-202,44,-235,35,-97,59,-132,73,-153,85,-175,4
0,0,-35,-19,-61,-58,-31,-86,4,-93,-52,-117,-79,-158,-96,-186,-110,-212,-20,-126,-22,-183,-27,-220,-31,-250,10,-119,27,-168,35,-204,40,-236,34,-98,59,-131,73,-152,83,-174,4
0,0,-37,-19,-63,-57,-34,-84,1,-90,-53,-117,-82,-158,-99,-187,-114,-211,-20,-126,-23,-183,-29,-222,-33,-253,9,-118,26,-168,35,-205,40,-238,33,-98,57,-130,71,-152,81,-174,4
0,0,-50,-22,-86,-62,-106,-99,-126,-125,-47,-123,-54,-170,-57,-198,-58,-223,-15,-127,-14,-179,-13,-211,-13,-238,15,-120,19,-169,22,-199,23,-225,43,-105,58,-140,67,-164,73,-188,5
0,0,-49,-22,-84,-62,-103,-98,-125,-125,-42,-124,-47,-174,-49,-204,-49,-231,-9,-127,-6,-183,-5,-219,-4,-249,20,-119,28,-172,33,-205,37,-234,47,-102,66,-140,78,-166,86,-190,5
0,0,-49,-23,-83,-66,-102,-103,-124,-128,-41,-131,-47,-180,-50,-211,-50,-238,-9,-134,-6,-189,-5,-224,-6,-253,20,-126,28,-177,33,-210,36,-239,47,-107,65,-146,76,-172,83,-196,5
0,0,-51,-24,-85,-66,-104,-104,-126,-130,-42,-132,-50,-182,-52,-212,-53,-240,-10,-136,-8,-193,-7,-228,-7,-257,19,-127,27,-181,32,-214,34,-243,47,-108,65,-148,75,-174,83,-199,5
0,0,-52,-25,-86,-67,-104,-106,-127,-131,-45,-132,-50,-184,-52,-214,-52,-242,-12,-136,-7,-194,-5,-230,-4,-260,17,-128,27,-183,32,-217,36,-246,45,-111,65,-152,76,-179,85,-204,5
0,0,-54,-23,-90,-66,-109,-104,-132,-127,-49,-131,-58,-180,-62,-210,-64,-238,-15,-136,-13,-194,-13,-230,-13,-261,15,-129,22,-184,26,-217,29,-247,44,-112,62,-153,72,-182,80,-208,5
0,0,-51,-27,-86,-69,-105,-105,-130,-126,-46,-136,-54,-187,-59,-218,-61,-244,-14,-138,-10,-200,-10,-236,-11,-267,14,-130,23,-187,26,-222,27,-253,41,-112,62,-155,72,-184,80,-212,5
0,0,-50,-27,-84,-67,-104,-99,-131,-120,-44,-134,-54,-184,-61,-214,-65,-241,-12,-136,-10,-197,-12,-234,-14,-266,15,-127,25,-184,29,-219,30,-250,40,-109,60,-151,69,-180,76,-208,5
0,0,-48,-23,-83,-63,-106,-95,-133,-115,-45,-134,-55,-184,-63,-213,-69,-238,-15,-137,-14,-197,-17,-234,-22,-266,12,-128,23,-186,27,-222,27,-253,35,-109,56,-151,68,-180,75,-210,5
0,0,-51,-21,-88,-56,-113,-85,-142,-107,-52,-130,-62,-182,-70,-212,-76,-238,-22,-134,-20,-195,-23,-232,-28,-263,6,-125,16,-183,20,-219,21,-251,31,-106,51,-150,62,-180,68,-211,5
0,0,-50,-19,-87,-53,-111,-82,-138,-102,-55,-129,-68,-180,-78,-210,-85,-236,-26,-135,-28,-196,-33,-233,-38,-263,2,-129,10,-186,11,-222,10,-253,27,-112,45,-157,53,-187,58,-216,5
0,0,-50,-26,-86,-63,-111,-92,-138,-113,-46,-136,-56,-186,-64,-216,-69,-242,-19,-139,-17,-199,-21,-235,-24,-265,6,-132,19,-187,23,-222,24,-252,28,-114,49,-157,58,-185,63,-211,5
0,0,-50,-25,-85,-64,-109,-96,-136,-117,-45,-136,-54,-184,-61,-213,-65,-239,-16,-141,-16,-198,-20,-234,-23,-263,11,-134,23,-188,27,-222,29,-252,34,-118,54,-159,62,-188,68,-215,5
0,0,-47,-26,-79,-67,-102,-100,-131,-122,-38,-135,-49,-185,-56,-216,-60,-243,-9,-137,-6,-197,-9,-236,-11,-268,17,-127,32,-182,38,-218,41,-251,38,-108,61,-149,70,-178,76,-206,5
0,0,-46,-27,-77,-68,-101,-97,-128,-117,-37,-137,-46,-187,-55,-218,-61,-245,-9,-137,-6,-197,-10,-237,-13,-271,15,-127,30,-181,35,-218,38,-251,36,-107,59,-147,69,-176,76,-205,5
0,0,-47,-26,-76,-70,-97,-103,-126,-124,-40,-137,-47,-189,-55,-221,-60,-248,-12,-137,-6,-196,-7,-237,-9,-272,13,-124,29,-178,35,-216,40,-251,35,-103,56,-143,66,-172,73,-200,5
0,0,-46,-27,-76,-71,-97,-103,-124,-125,-37,-133,-41,-188,-46,-222,-49,-251,-10,-131,-1,-192,1,-232,1,-267,14,-119,32,-174,40,-211,45,-245,36,-99,59,-140,71,-169,79,-198,5
0,0,-47,-25,-77,-70,-101,-103,-129,-123,-37,-133,-44,-186,-50,-221,-54,-251,-9,-131,-1,-194,0,-235,1,-271,16,-119,37,-173,46,-210,52,-245,38,-97,63,-138,76,-166,85,-194,5
0,0,-47,-30,-78,-73,-103,-104,-131,-125,-37,-135,-45,-186,-53,-220,-59,-251,-9,-132,-2,-194,-1,-234,1,-271,16,-118,35,-173,43,-210,49,-245,38,-95,63,-135,77,-163,88,-191,5
0,0,-49,-28,-80,-68,-105,-98,-131,-120,-37,-132,-44,-184,-50,-218,-55,-250,-6,-130,-2,-191,-2,-229,-2,-265,20,-116,37,-170,45,-206,49,-240,44,-94,66,-132,79,-158,89,-186,5
0,0,-48,-26,-79,-67,-104,-100,-130,-120,-37,-128,-47,-180,-54,-213,-59,-243,-6,-126,-2,-187,-2,-226,-1,-263,21,-112,38,-166,48,-203,55,-238,45,-89,68,-126,82,-152,93,-181,5
0,0,-51,-22,-84,-64,-109,-98,-136,-118,-41,-125,-50,-178,-56,-210,-59,-241,-8,-124,-5,-186,-5,-225,-4,-260,20,-111,37,-165,44,-201,49,-235,46,-88,68,-125,82,-151,93,-180,5
0,0,-48,-23,-81,-63,-105,-96,-129,-117,-40,-122,-46,-175,-50,-207,-52,-237,-6,-121,-1,-182,0,-220,2,-257,24,-109,37,-163,43,-199,48,-233,51,-87,75,-123,90,-148,102,-176,5
0,0,-48,-25,-79,-62,-101,-93,-125,-113,-35,-122,-41,-174,-44,-206,-46,-234,-1,-122,5,-182,7,-219,11,-253,28,-109,43,-163,51,-196,57,-228,55,-87,79,-120,95,-142,108,-168,5
0,0,-47,-27,-78,-65,-100,-99,-123,-119,-35,-126,-41,-176,-43,-207,-44,-235,-3,-126,2,-185,4,-220,7,-251,25,-115,40,-168,50,-201,58,-230,52,-93,75,-127,92,-149,107,-172,5
0,0,-47,-24,-77,-65,-96,-100,-118,-123,-31,-127,-37,-175,-38,-206,-37,-234,2,-127,8,-183,11,-218,14,-249,31,-115,46,-166,56,-198,63,-227,57,-94,83,-128,100,-150,114,-173,5
0,0,-45,-26,-75,-61,-93,-94,-110,-116,-27,-122,-30,-171,-30,-201,-28,-229,5,-122,14,-179,18,-214,24,-246,33,-109,51,-160,62,-192,70,-222,58,-87,83,-118,98,-139,110,-161,5
0,0,-43,-25,-71,-61,-88,-94,-106,-115,-22,-121,-24,-170,-23,-200,-20,-227,11,-119,22,-175,27,-209,34,-241,39,-106,57,-156,67,-187,75,-215,63,-85,89,-116,105,-137,120,-159,5
0,0,-42,-25,-68,-62,-84,-95,-100,-117,-18,-120,-19,-167,-17,-197,-13,-224,14,-118,25,-173,32,-207,39,-238,40,-105,58,-154,69,-186,79,-214,63,-82,89,-113,106,-132,121,-152,5
0,0,-44,-26,-74,-62,-90,-94,-104,-120,-22,-118,-24,-165,-22,-194,-18,-221,11,-117,21,-173,27,-210,33,-242,39,-105,58,-155,69,-187,78,-216,63,-84,91,-118,108,-141,122,-165,5
0,0,-44,-22,-75,-58,-92,-89,-112,-111,-32,-119,-37,-168,-38,-199,-37,-227,2,-120,10,-176,14,-213,19,-246,31,-109,47,-159,57,-191,64,-220,57,-89,82,-121,97,-144,109,-166,5
0,0,-48,-22,-81,-56,-100,-88,-119,-111,-35,-119,-39,-168,-41,-199,-41,-227,-2,-121,4,-180,6,-218,9,-251,27,-111,42,-164,51,-200,58,-231,53,-90,78,-126,95,-149,109,-172,5
0,0,-47,-19,-79,-54,-98,-88,-118,-111,-35,-117,-41,-168,-43,-199,-43,-227,-3,-120,1,-179,3,-217,6,-252,26,-111,39,-164,49,-199,56,-231,53,-91,78,-128,95,-152,110,-176,5
0,0,-45,-22,-76,-57,-94,-90,-115,-111,-33,-123,-41,-172,-43,-202,-44,-230,0,-126,5,-183,7,-220,9,-253,30,-116,43,-168,52,-201,59,-231,56,-97,81,-132,97,-157,111,-181,5
0,0,-45,-24,-76,-58,-93,-92,-112,-115,-33,-122,-38,-172,-39,-204,-38,-232,1,-124,6,-182,8,-219,12,-253,30,-115,45,-165,54,-198,61,-228,57,-95,82,-131,98,-155,112,-179,5
0,0,-44,-25,-72,-61,-88,-94,-107,-120,-30,-124,-36,-173,-37,-204,-36,-231,2,-126,7,-182,9,-219,11,-251,30,-116,45,-166,53,-199,60,-228,56,-96,80,-132,96,-155,111,-178,5
0,0,-44,-24,-74,-59,-91,-92,-110,-114,-33,-121,-40,-169,-42,-199,-40,-226,0,-123,4,-180,6,-215,9,-246,29,-114,43,-164,51,-197,58,-226,55,-95,79,-129,95,-151,109,-173,5
0,0,-47,-24,-80,-61,-99,-95,-119,-118,-37,-121,-46,-171,-50,-203,-52,-231,-4,-124,-2,-183,-2,-220,-1,-251,25,-116,36,-170,42,-205,47,-235,52,-99,76,-136,91,-160,104,-185,5
0,0,-47,-22,-79,-59,-98,-93,-120,-117,-36,-121,-45,-171,-50,-203,-53,-231,-3,-124,-1,-184,-1,-222,-1,-254,26,-115,37,-170,42,-206,46,-237,53,-96,78,-133,94,-158,107,-183,5
0,0,-47,-21,-80,-57,-100,-92,-123,-115,-36,-121,-47,-172,-51,-205,-54,-233,-4,-124,-3,-186,-3,-224,-3,-256,25,-116,36,-172,42,-208,46,-239,51,-97,76,-135,91,-160,104,-184,5
0,0,-48,-23,-79,-64,-98,-100,-125,-122,-39,-129,-48,-180,-54,-212,-58,-240,-6,-131,-3,-192,-3,-230,-3,-264,23,-121,35,-177,41,-214,46,-247,50,-100,74,-140,88,-167,100,-193,5
0,0,-52,-22,-89,-60,-112,-94,-135,-120,-47,-126,-59,-177,-66,-209,-71,-236,-15,-128,-12,-189,-12,-228,-12,-260,14,-119,24,-175,30,-211,34,-242,41,-98,65,-138,78,-164,87,-189,5
0,0,-52,-22,-92,-60,-120,-92,-148,-113,-54,-127,-68,-179,-78,-212,-85,-240,-21,-130,-23,-193,-25,-232,-27,-265,9,-121,18,-178,23,-215,26,-247,38,-101,59,-142,70,-169,77,-196,5
0,0,-51,-22,-87,-60,-113,-91,-141,-110,-55,-128,-68,-181,-76,-214,-80,-243,-23,-132,-26,-194,-30,-233,-33,-267,8,-123,16,-180,19,-216,22,-248,36,-104,55,-147,66,-175,74,-204,5
0,0,-49,-22,-84,-59,-107,-89,-133,-106,-53,-128,-64,-180,-71,-211,-75,-238,-20,-132,-23,-194,-28,-232,-32,-265,11,-123,19,-179,22,-215,24,-248,40,-105,58,-147,69,-174,77,-203,5
0,0,-50,-22,-89,-56,-115,-84,-143,-104,-59,-124,-77,-174,-87,-205,-95,-231,-28,-130,-34,-192,-41,-229,-47,-260,1,-123,9,-181,12,-217,11,-250,28,-104,47,-145,56,-173,61,-202,5
0,0,-49,-22,-86,-56,-112,-82,-141,-98,-56,-123,-73,-174,-84,-205,-93,-231,-27,-126,-30,-188,-36,-226,-43,-259,1,-117,8,-175,9,-212,6,-245,26,-98,45,-140,53,-170,57,-200,5
0,0,-49,-20,-86,-55,-113,-82,-143,-100,-59,-121,-77,-172,-90,-203,-101,-230,-28,-125,-31,-187,-36,-225,-42,-256,1,-117,6,-174,6,-211,3,-244,28,-97,45,-139,52,-169,55,-198,5
